,Credits,Debits,Transaction Type,Reference Type,Product,Balance,Time Stamp
,,20.02557111388,Fee,Trade,ADA,9992.84827638796,2020/04/27 16:11:49.028
,,649.999999999874,Trade,Trade,CAD,336.05468197644000,2020/04/27 16:11:49.028
,10012.78555694,,Trade,Trade,ADA,10012.87384750180,2020/04/27 16:11:49.028
,985,,Other,Deposit,CAD,986.0546819763140,2020/04/27 10:00:55.346
,,0.00003,Fee,Withdraw,XLM,9.26e-09,2020/04/25 09:43:32.377
,,4575.50789883,Other,Withdraw,XLM,0.00003000926,2020/04/25 09:43:32.377
,,2.1093545668,Fee,Trade,XLM,4575.50792883926,2020/04/25 00:01:18.406
,,0.00891202304473,Trade,Trade,BTC,0.0003178108214035840,2020/04/25 00:01:18.405
,1054.6772834,,Trade,Trade,XLM,4577.61728340606,2020/04/25 00:01:18.405
,,0.624,Fee,Trade,XLM,3522.94000000606,2020/04/25 00:01:18.403
,,0.00263328,Trade,Trade,BTC,0.009229833866133580,2020/04/25 00:01:18.403
,312,,Trade,Trade,XLM,3523.56400000606,2020/04/25 00:01:18.403
,,0.452,Fee,Trade,XLM,3211.56400000606,2020/04/25 00:01:18.402
,,0.00190744,Trade,Trade,BTC,0.011863113866133600,2020/04/25 00:01:18.401
,226,,Trade,Trade,XLM,3212.01600000606,2020/04/25 00:01:18.401
,,1.258,Fee,Trade,XLM,2986.01600000606,2020/04/25 00:01:18.397
,,0.00530247,Trade,Trade,BTC,0.013770553866133600,2020/04/25 00:01:18.396
,629,,Trade,Trade,XLM,2987.27400000606,2020/04/25 00:01:18.396
,,4.726,Fee,Trade,XLM,2358.27400000606,2020/04/25 00:01:18.393
,,0.01989646,Trade,Trade,BTC,0.019073023866133600,2020/04/25 00:01:18.393
,2363,,Trade,Trade,XLM,2363.00000000606,2020/04/25 00:01:18.392
,,0.0000778395057245162,Fee,Trade,BTC,0.03896948386613360,2020/04/24 23:56:16.473
,,110.31363301,Trade,Trade,EOS,0.00226699904,2020/04/24 23:56:16.472
,0.0389197528622581,,Trade,Trade,BTC,0.0390473233718581,2020/04/24 23:56:16.472
,,2.556504e-07,Fee,Trade,BTC,0.0001275705096,2020/04/24 23:56:16.466
,,0.36,Trade,Trade,EOS,110.31590000904,2020/04/24 23:56:16.466
,0.0001278252,,Trade,Trade,BTC,0.00012782616,2020/04/24 23:56:16.466
,110.6759,,Other,Deposit,EOS,110.67590000904,2020/04/24 23:43:14.531
,,0.0005,Fee,Withdraw,BTC,9.6e-10,2020/04/24 00:10:15.429
,,0.15867269,Other,Withdraw,BTC,0.00050000096,2020/04/24 00:10:15.428
,,0.00031398334,Fee,Trade,BTC,0.15917269096,2020/04/23 23:41:56.139
,,1701.09674156862,Trade,Trade,CAD,1.0546819763138000,2020/04/23 23:41:56.139
,0.15699167,,Trade,Trade,BTC,0.1594866743,2020/04/23 23:41:56.139
,,0.000005,Fee,Trade,BTC,0.0024950043,2020/04/23 23:41:56.138
,,26.929305,Trade,Trade,CAD,1702.1514235449300,2020/04/23 23:41:56.136
,0.0025,,Trade,Trade,BTC,0.0025000043,2020/04/23 23:41:56.136
,,2.23350153269736,Fee,Trade,CAD,1729.080728544930,2020/04/23 23:22:17.812
,,298.972,Trade,Trade,EOS,9.04e-09,2020/04/23 23:22:17.812
,1116.75076634868,,Trade,Trade,CAD,1731.3142300776300,2020/04/23 23:22:17.811
,,0.0077283555568,Fee,Trade,CAD,614.5634637289510,2020/04/23 23:22:17.809
,,1.028,Trade,Trade,EOS,298.97200000904,2020/04/23 23:22:17.809
,3.8641777784,,Trade,Trade,CAD,614.571192084508,2020/04/23 23:22:17.809
,300,,Other,Deposit,EOS,300.00000000904,2020/04/23 23:19:46.746
,610.7,,Other,Deposit,CAD,610.7070143061080,2020/04/23 11:18:39.154
,,0.0005,Fee,Withdraw,EOS,9.04e-09,2020/04/15 17:14:27.871
,,446.44621861,Other,Withdraw,EOS,0.00050000904,2020/04/15 17:14:27.871
,,0.0005,Fee,Withdraw,BTC,4.3e-09,2020/04/14 17:33:28.537
,,0.08548576,Other,Withdraw,BTC,0.0005000043,2020/04/14 17:33:28.537
,,0.00003,Fee,Withdraw,XLM,6.06e-09,2020/04/14 17:15:50.933
,,1415.80363008,Other,Withdraw,XLM,0.00003000606,2020/04/14 17:15:50.933
,,0.0001723157,Fee,Trade,BTC,0.0859857643,2020/04/06 12:23:57.513
,,889.08992494647,Trade,Trade,CAD,0.007014306107957210,2020/04/06 12:23:57.510
,0.08615785,,Trade,Trade,BTC,0.08615808,2020/04/06 12:23:57.510
,,0.11544288394,Fee,Trade,XLM,1415.80366008606,2020/04/06 09:06:28.215
,,4.07848164671626,Trade,Trade,CAD,889.096939252578,2020/04/06 09:06:28.215
,57.72144197,,Trade,Trade,XLM,1415.91910297,2020/04/06 09:06:28.215
,,0.9118584,Fee,Trade,XLM,1358.197661,2020/04/06 09:06:28.213
,,32.1411848832,Trade,Trade,CAD,893.1754208992940,2020/04/06 09:06:28.213
,455.9292,,Trade,Trade,XLM,1359.1095194,2020/04/06 09:06:28.213
,,0.684484,Fee,Trade,XLM,903.1803194,2020/04/06 09:06:28.211
,,24.124296338,Trade,Trade,CAD,925.3166057824940,2020/04/06 09:06:28.211
,342.242,,Trade,Trade,XLM,903.8648034,2020/04/06 09:06:28.211
,,0.4410126,Fee,Trade,XLM,561.6228034,2020/04/06 09:06:28.208
,,15.5426070618,Trade,Trade,CAD,949.4409021204940,2020/04/06 09:06:28.208
,220.5063,,Trade,Trade,XLM,562.063816,2020/04/06 09:06:28.208
,,0.684484,Fee,Trade,XLM,341.557516,2020/04/06 09:06:28.199
,,24.12292737,Trade,Trade,CAD,964.9835091822940,2020/04/06 09:06:28.198
,342.242,,Trade,Trade,XLM,342.242,2020/04/06 09:06:28.198
,985,,Other,Deposit,CAD,989.1064365522940,2020/04/04 12:02:20.913
,,0.88480280284,Fee,Trade,EOS,446.44671861904,2020/03/28 07:40:12.198
,,1374.2765981738900,Trade,Trade,CAD,4.106436552294220,2020/03/28 07:40:12.198
,442.40140142,,Trade,Trade,EOS,447.33152142188,2020/03/28 07:40:12.198
,,0.00988,Fee,Trade,EOS,4.93012000188,2020/03/28 07:40:12.198
,,15.239367468,Trade,Trade,CAD,1378.383034726190,2020/03/28 07:40:12.198
,4.94,,Trade,Trade,EOS,4.94000000188,2020/03/28 07:40:12.198
,,0.66470349,Fee,Trade,CAD,1393.622402194190,2020/03/27 20:31:20.201
,,0.03820135,Trade,Trade,BTC,2.3e-07,2020/03/27 20:31:20.201
,332.351745,,Trade,Trade,CAD,1394.287105684190,2020/03/27 20:31:20.201
,,0.13375995094,Fee,Trade,CAD,1061.935360684190,2020/03/27 20:31:20.186
,,0.00768647,Trade,Trade,BTC,0.03820158,2020/03/27 20:31:20.186
,66.87997547,,Trade,Trade,CAD,1062.069120635130,2020/03/27 20:31:20.186
,,1.880652147539590,Fee,Trade,CAD,995.1891451651250,2020/03/26 16:20:06.706
,,0.10151491,Trade,Trade,BTC,0.04588805,2020/03/26 16:20:06.706
,940.326073769796,,Trade,Trade,CAD,997.0697973126650,2020/03/26 16:20:06.706
,,0.11370841884,Fee,Trade,CAD,56.74372354286870,2020/03/26 16:20:06.690
,,0.0061,Trade,Trade,BTC,0.14740296,2020/03/26 16:20:06.690
,56.85420942,,Trade,Trade,CAD,56.85743196170870,2020/03/26 16:20:06.690
,0.15249984,,Other,Deposit,BTC,0.15350296,2020/03/26 11:45:56.575
,,0.00000201026,Fee,Trade,BTC,0.00100312,2020/03/25 10:15:26.339
,,9.705757011678,Trade,Trade,CAD,0.003222541708649210,2020/03/25 10:15:26.339
,0.00100513,,Trade,Trade,BTC,0.00100513026,2020/03/25 10:15:26.339
,,0.0005,Fee,Withdraw,BTC,2.6e-10,2020/03/24 10:34:09.133
,,0.15249984,Other,Withdraw,BTC,0.00050000026,2020/03/24 10:34:09.133
,,0.00019643074,Fee,Trade,BTC,0.15299984026,2020/03/23 21:10:11.208
,,960.753042310776,Trade,Trade,CAD,9.70897955338665,2020/03/23 21:10:11.192
,0.09821537,,Trade,Trade,BTC,0.153196271,2020/03/23 21:10:11.192
,,0.0000046,Fee,Trade,BTC,0.054980901,2020/03/23 21:10:11.192
,,22.35553632,Trade,Trade,CAD,970.4620218641630,2020/03/23 21:10:11.192
,0.0023,,Trade,Trade,BTC,0.054985501,2020/03/23 21:10:11.192
,,0.000002,Fee,Trade,BTC,0.052685501,2020/03/23 21:10:11.192
,,9.65371,Trade,Trade,CAD,992.8175581841630,2020/03/23 21:10:11.192
,0.001,,Trade,Trade,BTC,0.052687501,2020/03/23 21:10:11.192
,0.16,,Other,Deposit,BTC,0.051687501,2020/03/23 19:44:22.883
,,0.0005,Fee,Withdraw,BTC,2.757687501,2020/03/23 19:14:30.015
,,0.16,Other,Withdraw,BTC,2.758187501,2020/03/23 19:14:30.015
,,0.00010458416,Fee,Trade,BTC,0.052187501,2020/03/23 17:49:13.456
,,499.999968159744,Trade,Trade,CAD,1002.4712681841600,2020/03/23 17:49:13.456
,0.05229208,,Trade,Trade,BTC,0.05229208516,2020/03/23 17:49:13.456
,,0.3241225686844090,Fee,Trade,CAD,1502.4712363439100,2020/03/23 12:49:59.108
,,721.085535,Trade,Trade,XRP,2.298e-08,2020/03/23 12:49:59.108
,162.06128434220400,,Trade,Trade,CAD,1502.7953589125900,2020/03/23 12:49:59.108
,,0.0642691533406,Fee,Trade,CAD,1340.7340745703900,2020/03/23 12:49:59.107
,,142.039,Trade,Trade,XRP,721.08553502298,2020/03/23 12:49:59.107
,32.1345766703,,Trade,Trade,CAD,1340.7983437237300,2020/03/23 12:49:59.107
,,1.06531508702,Fee,Trade,XRP,863.12453502298,2020/03/23 12:33:09.019
,,123.96817590003500,Trade,Trade,CAD,1308.6637670534300,2020/03/23 12:33:09.019
,532.65754351,,Trade,Trade,XRP,864.18985011,2020/03/23 12:33:09.018
,,0.6643934,Fee,Trade,XRP,331.5323066,2020/03/23 12:33:09.017
,,76.821430313628,Trade,Trade,CAD,1432.6319429534600,2020/03/23 12:33:09.016
,332.1967,,Trade,Trade,XRP,332.1967,2020/03/23 12:33:09.016
,,0.837752129376084,Fee,Trade,CAD,1509.45337326709,2020/03/22 13:05:21.641
,,1.44591135,Trade,Trade,BCH,1.38e-09,2020/03/22 13:05:21.640
,418.876064688042,,Trade,Trade,CAD,1510.2911253964700,2020/03/22 13:05:21.640
,,0.0204181866,Fee,Trade,CAD,1091.415060708420,2020/03/22 13:05:21.639
,,0.035,Trade,Trade,BCH,1.44591135138,2020/03/22 13:05:21.639
,10.2090933,,Trade,Trade,CAD,1091.435478895020,2020/03/22 13:05:21.639
,,0.5200994364450260,Fee,Trade,CAD,1081.226385595020,2020/03/22 13:04:02.395
,,1.47299329,Trade,Trade,ETH,2.8476518e-09,2020/03/22 13:04:02.395
,260.0497182225130,,Trade,Trade,CAD,1081.746485031470,2020/03/22 13:04:02.395
,,0.013784690176,Fee,Trade,CAD,821.696766808956,2020/03/22 13:04:02.392
,,0.0388,Trade,Trade,ETH,1.472993292847650,2020/03/22 13:04:02.392
,6.892345088,,Trade,Trade,CAD,821.710551499132,2020/03/22 13:04:02.392
,,0.4590035183979960,Fee,Trade,CAD,814.818206411132,2020/03/22 13:02:47.838
,,2.44922854,Trade,Trade,DASH,6.2e-09,2020/03/22 13:02:47.838
,229.50175919899800,,Trade,Trade,CAD,815.2772099295300,2020/03/22 13:02:47.838
,,0.2189854707906,Fee,Trade,CAD,585.7754507305320,2020/03/22 13:02:47.837
,,1.1679,Trade,Trade,DASH,2.4492285462,2020/03/22 13:02:47.836
,109.4927353953,,Trade,Trade,CAD,585.9944362013220,2020/03/22 13:02:47.836
,,0.94843289444,Fee,Trade,CAD,476.50170080602200,2020/03/22 12:34:07.839
,,0.05449511,Trade,Trade,BTC,5.16e-09,2020/03/22 12:34:07.839
,474.21644722,,Trade,Trade,CAD,477.45013370046200,2020/03/22 12:34:07.838
,1.48091135,,Other,Deposit,BCH,1.48091135138,2020/03/21 19:42:12.050
,3.61712854,,Other,Deposit,DASH,3.6171285462,2020/03/21 18:14:46.221
,0.05449511,,Other,Deposit,BTC,0.05449511516,2020/03/21 18:12:11.999
,1.51179328876278,,Other,Deposit,ETH,1.5117932928476500,2020/03/21 18:02:19.464
,,0.005,Fee,Withdraw,ETH,4.0848718e-09,2020/03/20 21:46:11.272
,,1.51100443,Other,Withdraw,ETH,0.0050000040848718,2020/03/20 21:46:11.272
,,0.00294908502,Fee,Trade,ETH,1.5160044340848700,2020/03/20 21:38:28.174
,,288.1936713362620,Trade,Trade,CAD,3.233686480462350,2020/03/20 21:38:28.174
,1.47454251,,Trade,Trade,ETH,1.5189535191048700,2020/03/20 21:38:28.174
,,0.000089,Fee,Trade,ETH,0.0444110091048718,2020/03/20 21:38:28.172
,,8.64195696,Trade,Trade,CAD,291.42735781672400,2020/03/20 21:38:28.172
,0.0445,,Trade,Trade,ETH,0.0445000091048718,2020/03/20 21:38:28.172
,,0.0005,Fee,Withdraw,BTC,5.16e-09,2020/03/20 19:33:22.118
,,0.05446953,Other,Withdraw,BTC,0.00050000516,2020/03/20 19:33:22.118
,,0.005,Fee,Withdraw,DASH,6.2e-09,2020/03/20 19:23:52.498
,,1.90397452,Other,Withdraw,DASH,0.0050000062,2020/03/20 19:23:52.498
,,0.00011015938,Fee,Trade,BTC,0.05496953516,2020/03/20 19:11:33.005
,,499.999969851733,Trade,Trade,CAD,300.06931477672400,2020/03/20 19:11:33.004
,0.05507969,,Trade,Trade,BTC,0.05507969454,2020/03/20 19:11:33.004
,,0.00057560024,Fee,Trade,DASH,1.9089745262,2020/03/20 19:03:12.599
,,30.09328107377550,Trade,Trade,CAD,800.0692846284570,2020/03/20 19:03:12.599
,0.28780012,,Trade,Trade,DASH,1.90955012644,2020/03/20 19:03:12.599
,,0.00325,Fee,Trade,DASH,1.62175000644,2020/03/20 19:03:12.583
,,169.907976875,Trade,Trade,CAD,830.1625657022320,2020/03/20 19:03:12.583
,1.625,,Trade,Trade,DASH,1.62500000644,2020/03/20 19:03:12.583
,999.775,,Other,Deposit,CAD,1000.0705425772300,2020/03/20 17:59:52.771
,,0.0001,Fee,Withdraw,BCH,1.38e-09,2020/03/20 15:04:03.131
,,1.48091135,Other,Withdraw,BCH,0.00010000138,2020/03/20 15:04:03.131
,,0.005,Fee,Withdraw,DASH,6.44e-09,2020/03/20 15:00:43.845
,,1.71315402,Other,Withdraw,DASH,0.00500000644,2020/03/20 15:00:43.845
,,0.00008119444,Fee,Trade,DASH,1.71815402644,2020/03/19 18:32:10.270
,,4.0809718028646,Trade,Trade,CAD,0.29554257723243200,2020/03/19 18:32:10.267
,0.04059722,,Trade,Trade,DASH,1.71823522088,2020/03/19 18:32:10.267
,,0.0005232,Fee,Trade,DASH,1.67763800088,2020/03/19 18:32:10.266
,,26.2880670648,Trade,Trade,CAD,4.376514380097030,2020/03/19 18:32:10.265
,0.2616,,Trade,Trade,DASH,1.67816120088,2020/03/19 18:32:10.265
,,0.0028388,Fee,Trade,DASH,1.41656120088,2020/03/19 18:32:10.264
,,142.632780752,Trade,Trade,CAD,30.66458144489700,2020/03/19 18:32:10.264
,1.4194,,Trade,Trade,DASH,1.41940000088,2020/03/19 18:32:10.264
,,0.00290755862,Fee,Trade,BCH,1.48101135138,2020/03/19 18:22:08.524
,,492.9348841681820,Trade,Trade,CAD,173.29736219689700,2020/03/19 18:22:08.523
,1.45377931,,Trade,Trade,BCH,1.48391891,2020/03/19 18:22:08.523
,,0.0000604,Fee,Trade,BCH,0.0301396,2020/03/19 18:22:08.520
,,10.175343984,Trade,Trade,CAD,666.2322463650790,2020/03/19 18:22:08.519
,0.0302,,Trade,Trade,BCH,0.0302,2020/03/19 18:22:08.519
,,0.01625129880976240,Fee,Trade,CAD,676.4075903490790,2020/03/19 15:03:37.718
,,0.08731061,Trade,Trade,DASH,8.8e-10,2020/03/19 15:03:37.717
,8.12564940488122,,Trade,Trade,CAD,676.423841647889,2020/03/19 15:03:37.717
,,0.3345588045536,Fee,Trade,CAD,668.2981922430080,2020/03/19 15:03:37.716
,,1.7974,Trade,Trade,DASH,0.08731061088,2020/03/19 15:03:37.715
,167.2794022768,,Trade,Trade,CAD,668.6327510475610,2020/03/19 15:03:37.715
,,0.1167223824138,Fee,Trade,CAD,501.3533487707620,2020/03/19 15:03:37.712
,,0.6267,Trade,Trade,DASH,1.88471061088,2020/03/19 15:03:37.712
,58.3611912069,,Trade,Trade,CAD,501.4700711531750,2020/03/19 15:03:37.712
,,0.1043013596204,Fee,Trade,CAD,443.1088799462750,2020/03/19 15:03:37.710
,,0.5591,Trade,Trade,DASH,2.51141061088,2020/03/19 15:03:37.710
,52.1506798102,,Trade,Trade,CAD,443.21318130589600,2020/03/19 15:03:37.710
,,0.401323070214,Fee,Trade,CAD,391.0625014956960,2020/03/19 15:03:37.709
,,2.151,Trade,Trade,DASH,3.07051061088,2020/03/19 15:03:37.709
,200.661535107,,Trade,Trade,CAD,391.46382456591000,2020/03/19 15:03:37.709
,,0.03891003039219740,Fee,Trade,CAD,190.80228945891000,2020/03/19 14:36:54.401
,,0.34192723,Trade,Trade,LTC,5.62e-09,2020/03/19 14:36:54.401
,19.45501519609870,,Trade,Trade,CAD,190.84119948930200,2020/03/19 14:36:54.401
,,0.342,Fee,Trade,CAD,171.3861842932030,2020/03/19 14:36:54.399
,,3,Trade,Trade,LTC,0.34192723562,2020/03/19 14:36:54.399
,171,,Trade,Trade,CAD,171.72818429320300,2020/03/19 14:36:54.398
,3.34192723,,Other,Deposit,LTC,3.34192723562,2020/03/19 14:22:08.410
,,0.00160882256,Fee,Trade,DASH,5.22151061088,2020/03/19 12:17:38.860
,,77.99999959004340,Trade,Trade,CAD,0.728184293203192,2020/03/19 12:17:38.860
,0.80441128,,Trade,Trade,DASH,5.22311943344,2020/03/19 12:17:38.860
,,0.00225196218,Fee,Trade,DASH,4.41870815344,2020/03/19 11:45:53.027
,,102.43064050493600,Trade,Trade,CAD,78.72818388324660,2020/03/19 11:45:53.026
,1.12598109,,Trade,Trade,DASH,4.42096011562,2020/03/19 11:45:53.026
,,0.000592,Fee,Trade,DASH,3.29497902562,2020/03/19 11:45:53.025
,,26.925489336,Trade,Trade,CAD,181.1588243881830,2020/03/19 11:45:53.025
,0.296,,Trade,Trade,DASH,3.29557102562,2020/03/19 11:45:53.025
,,0.0015574,Fee,Trade,DASH,2.99957102562,2020/03/19 11:45:53.023
,,70.7689996585,Trade,Trade,CAD,208.0843137241830,2020/03/19 11:45:53.022
,0.7787,,Trade,Trade,DASH,3.00112842562,2020/03/19 11:45:53.022
,,0.00157896438,Fee,Trade,DASH,2.22242842562,2020/03/19 11:35:48.412
,,71.02952868494970,Trade,Trade,CAD,278.85331338268300,2020/03/19 11:35:48.412
,0.78948219,,Trade,Trade,DASH,2.22400739,2020/03/19 11:35:48.412
,,0.0028748,Fee,Trade,DASH,1.4345252,2020/03/19 11:35:48.412
,,129.0952887084,Trade,Trade,CAD,349.8828420676330,2020/03/19 11:35:48.412
,1.4374,,Trade,Trade,DASH,1.4374,2020/03/19 11:35:48.412
,,0.001,Fee,Withdraw,LTC,5.62e-09,2020/03/19 10:40:58.461
,,2.001,Other,Withdraw,LTC,0.00100000562,2020/03/19 10:40:58.461
,,0.001,Fee,Withdraw,LTC,2.00200000562,2020/03/18 19:27:15.186
,,1.34093563,Other,Withdraw,LTC,2.00300000562,2020/03/18 19:27:15.186
,,0.00235315316,Fee,Trade,LTC,3.34393563562,2020/03/18 19:22:10.112
,,59.99999979890320,Trade,Trade,CAD,478.97813077603300,2020/03/18 19:22:10.111
,1.17657658,,Trade,Trade,LTC,3.34628878878,2020/03/18 19:22:10.111
,,0.00328632064,Fee,Trade,LTC,2.16971220878,2020/03/18 19:19:15.487
,,83.67121712713090,Trade,Trade,CAD,538.9781305749360,2020/03/18 19:19:15.487
,1.64316032,,Trade,Trade,LTC,2.17299852942,2020/03/18 19:19:15.487
,,0.0010618,Fee,Trade,LTC,0.52983820942,2020/03/18 19:19:15.482
,,26.8617200748,Trade,Trade,CAD,622.6493477020670,2020/03/18 19:19:15.482
,0.5309,,Trade,Trade,LTC,0.53090000942,2020/03/18 19:19:15.482
,,0.884314724320644,Fee,Trade,CAD,649.5110677768670,2020/03/15 17:45:49.304
,,0.05832569,Trade,Trade,BTC,4.54e-09,2020/03/15 17:45:49.304
,442.157362160322,,Trade,Trade,CAD,650.3953825011870,2020/03/15 17:45:49.304
,,0.09605430576,Fee,Trade,CAD,208.23802034086500,2020/03/15 17:45:49.298
,,0.0063,Trade,Trade,BTC,0.05832569454,2020/03/15 17:45:49.289
,48.02715288,,Trade,Trade,CAD,208.33407464662500,2020/03/15 17:45:49.289
,,0.0001295104,Fee,Trade,BTC,0.06462569454,2020/03/13 16:54:11.077
,,499.99996917568,Trade,Trade,CAD,160.30692176662500,2020/03/13 16:54:11.072
,0.0647552,,Trade,Trade,BTC,0.06475520494,2020/03/13 16:54:11.072
,,1.312652506772830,Fee,Trade,CAD,660.3068909423050,2020/03/13 06:32:20.712
,,0.08519309,Trade,Trade,BTC,4.94e-09,2020/03/13 06:32:20.702
,656.326253386414,,Trade,Trade,CAD,661.6195434490780,2020/03/13 06:32:20.702
,,0.00017072764,Fee,Trade,BTC,0.08519309494,2020/03/13 00:54:21.993
,,599.999998018407,Trade,Trade,CAD,5.293290062664150,2020/03/13 00:54:21.991
,0.08536382,,Trade,Trade,BTC,0.08536382258,2020/03/13 00:54:21.991
,,0.0573169170099372,Fee,Trade,CAD,605.2932880810710,2020/03/12 23:07:20.956
,,0.18128706,Trade,Trade,ETH,9.1048718e-09,2020/03/12 23:07:20.956
,28.6584585049686,,Trade,Trade,CAD,605.350604998081,2020/03/12 23:07:20.956
,0.106210029250094,,Other,Deposit,ETH,0.1812870691048720,2020/03/12 23:06:01.767
,0.0750770302666578,,Other,Deposit,ETH,0.0750770398547778,2020/03/12 23:04:49.949
,,0.888813284576868,Fee,Trade,CAD,576.6921464931130,2020/03/12 23:00:50.516
,,0.06559226,Trade,Trade,BTC,2.58e-09,2020/03/12 23:00:50.516
,444.406642288434,,Trade,Trade,CAD,577.5809597776890,2020/03/12 23:00:50.516
,,0.00007858298,Fee,Trade,BTC,0.06559226258,2020/03/12 22:46:47.360
,,300.2282612748200,Trade,Trade,CAD,133.17431748925500,2020/03/12 22:46:47.360
,0.03929149,,Trade,Trade,BTC,0.06567084556,2020/03/12 22:46:47.360
,,0.00005286442,Fee,Trade,BTC,0.02637935556,2020/03/12 22:45:52.021
,,199.999980413471,Trade,Trade,CAD,433.40257876407500,2020/03/12 22:45:52.021
,0.02643221,,Trade,Trade,BTC,0.02643221998,2020/03/12 22:45:52.021
,,0.03412464,Fee,Trade,CAD,633.4025591775460,2020/03/12 20:07:31.592
,,0.00284372,Trade,Trade,BTC,9.98e-09,2020/03/12 20:07:31.587
,17.06232,,Trade,Trade,CAD,633.4366838175460,2020/03/12 20:07:31.587
,,0.00000569884,Fee,Trade,BTC,0.00284372998,2020/03/12 19:54:16.219
,,19.999941210543,Trade,Trade,CAD,616.3743638175460,2020/03/12 19:54:16.219
,0.00284942,,Trade,Trade,BTC,0.00284942882,2020/03/12 19:54:16.219
,,0.5517840116924930,Fee,Trade,CAD,636.3743050280890,2020/03/12 17:32:54.352
,,1.60494464,Trade,Trade,ETH,9.58812e-09,2020/03/12 17:32:54.352
,275.8920058462460,,Trade,Trade,CAD,636.9260890397810,2020/03/12 17:32:54.352
,,0.012653756064,Fee,Trade,CAD,361.03408319353500,2020/03/12 17:32:54.348
,,0.0366,Trade,Trade,ETH,1.60494464958812,2020/03/12 17:32:54.348
,6.326878032,,Trade,Trade,CAD,361.04673694959900,2020/03/12 17:32:54.348
,1.64154464806812,,Other,Deposit,ETH,1.64154464958812,2020/03/12 17:27:44.090
,,0.00971130216687932,Fee,Trade,CAD,354.71985891759900,2020/03/12 17:11:45.434
,,0.10719391,Trade,Trade,LTC,9.42e-09,2020/03/12 17:11:45.433
,4.85565108343966,,Trade,Trade,CAD,354.72957021976600,2020/03/12 17:11:45.433
,0.10719391,,Other,Deposit,LTC,0.10719391942,2020/03/12 17:10:27.153
,,0.700676669338725,Fee,Trade,CAD,349.87391913632600,2020/03/12 12:34:43.831
,,0.04292735,Trade,Trade,BTC,8.82e-09,2020/03/12 12:34:43.830
,350.3383346693630,,Trade,Trade,CAD,350.5745958056650,2020/03/12 12:34:43.830
,0.04292735,,Other,Deposit,BTC,0.04292735882,2020/03/12 12:31:20.106
,,0.005,Fee,Withdraw,ETH,1.52e-09,2020/03/11 17:40:33.816
,,0.245,Other,Withdraw,ETH,0.00500000152,2020/03/11 17:40:33.816
,0.25,,Other,Deposit,ETH,0.25000000152,2020/03/11 17:25:38.119
,,0.0005,Fee,Withdraw,BTC,8.82e-09,2020/02/28 11:20:29.235
,,0.0411069,Other,Withdraw,BTC,0.00050000882,2020/02/28 11:20:29.235
,,0.005,Fee,Withdraw,ETH,1.52e-09,2020/02/28 11:13:58.470
,,1.62422688,Other,Withdraw,ETH,0.00500000152,2020/02/28 11:13:58.470
,,0.00007778056,Fee,Trade,BTC,0.04160690882,2020/02/28 10:58:38.790
,,462.308499066128,Trade,Trade,CAD,0.23626113630239600,2020/02/28 10:58:38.785
,0.03889028,,Trade,Trade,BTC,0.04168468938,2020/02/28 10:58:38.785
,,0.0000056,Fee,Trade,BTC,0.00279440938,2020/02/28 10:58:38.785
,,32.8966624,Trade,Trade,CAD,462.5447602024300,2020/02/28 10:58:38.780
,0.0028,,Trade,Trade,BTC,0.00280000938,2020/02/28 10:58:38.780
,,0.00324338372,Fee,Trade,ETH,1.62922688152,2020/02/28 10:56:48.979
,,501.705081096804,Trade,Trade,CAD,495.4414226024300,2020/02/28 10:56:48.974
,1.62169186,,Trade,Trade,ETH,1.63247026524,2020/02/28 10:56:48.974
,,0.0000216,Fee,Trade,ETH,0.01077840524,2020/02/28 10:56:48.974
,,3.309561504,Trade,Trade,CAD,997.1465036992340,2020/02/28 10:56:48.969
,0.0108,,Trade,Trade,ETH,0.01080000524,2020/02/28 10:56:48.969
,999.775,,Other,Deposit,CAD,1000.4560652032300,2020/02/28 10:50:49.672
,,0.005,Fee,Withdraw,ETH,5.24e-09,2020/02/26 08:57:00.440
,,0.15110272,Other,Withdraw,ETH,0.00500000524,2020/02/26 08:57:00.440
,,0.0002194311,Fee,Trade,ETH,0.15610272524,2020/02/26 08:51:26.346
,,34.694913902922,Trade,Trade,CAD,0.6810652032343960,2020/02/26 08:51:26.346
,0.10971555,,Trade,Trade,ETH,0.15632215634,2020/02/26 08:51:26.346
,,0.0000934,Fee,Trade,ETH,0.04660660634,2020/02/26 08:51:26.341
,,14.629619336,Trade,Trade,CAD,35.37597910615640,2020/02/26 08:51:26.341
,0.0467,,Trade,Trade,ETH,0.04670000634,2020/02/26 08:51:26.341
,,0.0005,Fee,Withdraw,BTC,9.38e-09,2020/02/25 12:24:03.397
,,0.00066796,Other,Withdraw,BTC,0.00050000938,2020/02/25 12:24:03.397
,,0.001,Fee,Withdraw,LTC,9.42e-09,2020/02/25 09:56:56.150
,,0.10710364,Other,Withdraw,LTC,0.00100000942,2020/02/25 09:56:56.150
,,0.005,Fee,Withdraw,ETH,6.34e-09,2020/02/25 09:53:26.798
,,0.0743029,Other,Withdraw,ETH,0.00500000634,2020/02/25 09:53:26.798
,,0.00010060722,Fee,Trade,ETH,0.07930290634,2020/02/21 11:30:20.566
,,17.839999223865,Trade,Trade,CAD,50.0055984421564,2020/02/21 11:30:20.566
,0.05030361,,Trade,Trade,ETH,0.07940351356,2020/02/21 11:30:20.566
,,0.010837292581735500,Fee,Trade,CAD,67.84559766602140,2020/02/21 11:19:16.853
,,1.00013014,Trade,Trade,EOS,1.88e-09,2020/02/21 11:19:16.853
,5.418646290867770,,Trade,Trade,CAD,67.85643495860310,2020/02/21 11:19:16.853
,,0.002,Fee,Trade,EOS,1.00013014188,2020/02/21 11:18:33.553
,,5.4716996,Trade,Trade,CAD,62.43778866773540,2020/02/21 11:18:33.553
,1,,Trade,Trade,EOS,1.00213014188,2020/02/21 11:18:33.553
,,0.012139999974000100,Fee,Trade,CAD,67.90948826773540,2020/02/21 11:16:28.183
,,1.11745526,Trade,Trade,EOS,0.00213014188,2020/02/21 11:16:28.182
,6.069999987000050,,Trade,Trade,CAD,67.92162826770940,2020/02/21 11:16:28.182
,,0.01953999999878,Fee,Trade,CAD,61.85162828070930,2020/02/21 11:11:36.804
,,126.2600155,Trade,Trade,ADA,0.08829056184,2020/02/21 11:11:36.802
,9.76999999939,,Trade,Trade,CAD,61.8711682807081,2020/02/21 11:11:36.802
,,4.8,Trade,Trade,QCAD,0,2020/02/21 08:23:48.255
,4.72344,,Trade,Trade,CAD,52.101168281318100,2020/02/21 08:23:48.255
,,0.00224365812,Fee,Trade,EOS,1.11958540188,2020/02/20 20:29:00.256
,,5.999999967868100,Trade,Trade,CAD,47.3777282813181,2020/02/20 20:29:00.241
,1.12182906,,Trade,Trade,EOS,1.12182906,2020/02/20 20:29:00.241
,,4.9919952,Trade,Trade,CAD,53.3777282491862,2020/02/20 20:26:42.252
,4.8,,Trade,Trade,QCAD,4.8,2020/02/20 20:26:42.252
,,0.00003211644,Fee,Trade,ETH,0.02909990356,2020/02/20 20:24:50.733
,,5.5626104440296,Trade,Trade,CAD,58.3697234491862,2020/02/20 20:24:50.732
,0.01605822,,Trade,Trade,ETH,0.02913202,2020/02/20 20:24:50.732
,,0.0000262,Fee,Trade,ETH,0.0130738,2020/02/20 20:24:50.727
,,4.492728316,Trade,Trade,CAD,63.9323338932158,2020/02/20 20:24:50.726
,0.0131,,Trade,Trade,ETH,0.0131,2020/02/20 20:24:50.726
,,0.00000234062,Fee,Trade,BTC,0.00116796938,2020/02/20 20:24:37.677
,,14.99993816984,Trade,Trade,CAD,68.4250622092158,2020/02/20 20:24:37.677
,0.00117031,,Trade,Trade,BTC,0.00117031,2020/02/20 20:24:37.677
,,0.25320301816,Fee,Trade,ADA,126.34830606184,2020/02/20 20:24:08.118
,,9.99999999921104,Trade,Trade,CAD,83.4250003790558,2020/02/20 20:24:08.117
,126.60150908,,Trade,Trade,ADA,126.60150908,2020/02/20 20:24:08.117
,,0.00021664058,Fee,Trade,LTC,0.10810364942,2020/02/20 20:23:45.176
,,9.99999962173316,Trade,Trade,CAD,93.42500037826680,2020/02/20 20:23:45.176
,0.10832029,,Trade,Trade,LTC,0.10832029,2020/02/20 20:23:45.176
,103.425,,Other,Deposit,CAD,103.425,2020/02/20 20:07:52.890
Total CAD,$11881.20,$11545.15,Current Balance,$336.05,,,
Total ADA,10139.39,146.54,Current Balance,9992.84827638796,,,
Total BCH,2.96,2.96,Current Balance,1.38e-09,,,
Total BTC,1.17,1.17,Current Balance,"",,,
Total DASH,12.48,12.48,Current Balance,6.2e-09,,,
Total EOS,860.14,860.14,Current Balance,0.00226699904,,,
Total ETH,6.97,6.97,Current Balance,2.8476518e-09,,,
Total LTC,6.91,6.91,Current Balance,5.62e-09,,,
Total QCAD,4.80,4.80,Current Balance,0,,,
Total XLM,6003.32,6003.32,Current Balance,9.26e-09,,,
Total XRP,864.85,864.85,Current Balance,2.298e-08,,,